"Persentase Rumah Tangga menurut Provinsi, Jenis Kelamin Kepala Rumah Tangga, dan Banyaknya Anggota Rumah Tangga, 2009-2025",,,,,,,,,,,,,,,,,,,,,,,,,,,,,,,,,,,,,,,,,,,,,,,,,,,,,,,,,,,,,,,,,,,,,,,,,,,,,,,,,,,,,,,
"Sumber: BPS RI - Susenas, 2009-2025",,,,,,,,,,,,,,,,,,,,,,,,,,,,,,,,,,,,,,,,,,,,,,,,,,,,,,,,,,,,,,,,,,,,,,,,,,,,,,,,,,,,,,,
,,,,,,,,,,,,,,,,,,,,,,,,,,,,,,,,,,,,,,,,,,,,,,,,,,,,,,,,,,,,,,,,,,,,,,,,,,,,,,,,,,,,,,,
Jenis Kelamin Kepala Rumah Tangga : Laki-laki,,,,,,,,,,,,,,,,,,,,,,,,,,,,,,,,,,,,,,,,,,,,,,,,,,,,,,,,,,,,,,,,,,,,,,,,,,,,,,,,,,,,,,,
Provinsi,Jenis Kelamin Kepala Rumah Tangga,Laki-laki,,,,,,,,,,,,,,,,,,,,,,,,,,,,,,,,,,,,,,,,,,,,,,,,,,,,,,,,,,,,,,,,,,,,,,,,,,,,,,,,,,,,,
,Tahun,2009,,,,,2010,,,,,2011,,,,,2012,,,,,2013,,,,,2014,,,,,2015,,,,,2016,,,,,2017,,,,,2018,,,,,2019,,,,,2020,,,,,2021,,,,,2022,,,,,2023,,,,,2024,,,,,2025,,,,,
,Jumlah Anggota Rumah Tangga,1,2-3,4-5,6,Total,1,2-3,4-5,6,Total,1,2-3,4-5,6,Total,1,2-3,4-5,6,Total,1,2-3,4-5,6,Total,1,2-3,4-5,6,Total,1,2-3,4-5,6,Total,1,2-3,4-5,6,Total,1,2-3,4-5,6,Total,1,2-3,4-5,6,Total,1,2-3,4-5,6,Total,1,2-3,4-5,6,Total,1,2-3,4-5,6,Total,1,2-3,4-5,6,Total,1,2-3,4-5,6,Total,1,2-3,4-5,6,Total,1,2-3,4-5,6,Total,
Aceh,,2.43,30.07,44.94,22.56,100.00,2.94,28.02,44.05,25.00,100.00,2.77,27.94,44.98,24.31,100.00,2.56,26.84,47.82,22.78,100.00,2.66,26.05,49.91,21.37,100.00,2.47,25.70,51.13,20.70,100.00,2.16,26.12,50.34,21.39,100.00,2.20,25.56,50.14,22.11,100.00,2.48,26.49,49.36,21.67,100.00,2.61,26.16,49.53,21.70,100.00,2.59,26.02,50.46,20.93,100.00,2.71,26.96,49.77,20.56,100.00,2.93,32.27,47.72,17.08,100.00,1.55,29.27,51.69,17.49,100.00,1.15,25.22,53.60,20.03,100.00,1.08,26.24,53.92,18.76,100.00,1.05,28.83,52.80,17.32,100.00,
Sumatera Utara,,1.59,29.02,45.20,24.19,100.00,2.31,29.81,43.30,24.59,100.00,2.02,26.91,47.88,23.20,100.00,1.92,26.49,48.35,23.24,100.00,2.32,26.82,47.91,22.95,100.00,2.22,26.11,48.98,22.69,100.00,1.79,28.37,49.22,20.62,100.00,2.36,28.42,48.52,20.70,100.00,2.37,29.05,47.82,20.76,100.00,2.31,28.54,47.87,21.28,100.00,2.89,28.98,47.33,20.79,100.00,2.66,30.26,47.30,19.78,100.00,3.32,34.01,46.47,16.20,100.00,1.83,33.01,49.48,15.69,100.00,1.16,29.59,51.11,18.15,100.00,0.62,28.95,52.70,17.74,100.00,0.44,31.83,52.36,15.37,100.00,
Sumatera Barat,,2.48,30.13,43.26,24.14,100.00,2.82,29.46,43.24,24.48,100.00,3.42,28.23,44.87,23.49,100.00,2.57,26.42,47.40,23.61,100.00,3.17,26.31,45.99,24.52,100.00,2.00,26.92,48.07,23.01,100.00,2.26,28.30,46.28,23.17,100.00,2.81,28.34,46.88,21.97,100.00,2.91,29.44,46.15,21.50,100.00,3.00,29.94,45.25,21.81,100.00,3.15,29.46,46.94,20.45,100.00,2.86,30.00,46.50,20.64,100.00,3.39,30.72,47.13,18.77,100.00,1.72,31.73,48.16,18.39,100.00,1.42,28.34,50.40,19.84,100.00,1.62,28.17,50.60,19.60,100.00,1.17,28.73,51.48,18.61,100.00,
R i a u,,2.09,31.82,47.07,19.02,100.00,2.89,32.07,45.27,19.76,100.00,2.11,32.05,47.32,18.53,100.00,2.32,30.32,48.34,19.01,100.00,2.37,31.40,49.06,17.17,100.00,2.55,31.13,48.84,17.48,100.00,2.32,32.58,48.75,16.35,100.00,2.35,31.73,49.76,16.16,100.00,2.75,32.27,48.00,16.98,100.00,2.92,32.48,48.78,15.82,100.00,3.55,31.05,49.46,15.94,100.00,3.02,33.63,48.40,14.95,100.00,3.30,34.41,49.09,13.21,100.00,1.84,32.89,50.37,14.90,100.00,0.85,26.45,54.62,18.08,100.00,1.02,29.35,54.45,15.19,100.00,0.94,32.47,52.50,14.09,100.00,
J a m b i,,2.06,34.84,47.69,15.42,100.00,2.25,35.92,46.01,15.82,100.00,2.02,33.98,48.91,15.09,100.00,2.09,32.64,49.76,15.52,100.00,1.97,34.32,49.92,13.79,100.00,2.16,34.93,48.88,14.02,100.00,1.83,35.76,50.37,12.05,100.00,1.82,35.63,50.19,12.36,100.00,1.76,35.88,50.11,12.25,100.00,2.65,37.28,48.67,11.40,100.00,2.50,37.91,48.31,11.29,100.00,2.19,37.12,49.66,11.03,100.00,2.71,40.56,47.19,9.55,100.00,1.32,35.54,52.22,10.92,100.00,0.71,33.28,51.48,14.53,100.00,0.72,33.82,52.20,13.26,100.00,0.42,37.54,50.48,11.57,100.00,
Sumatera Selatan,,1.66,32.65,48.22,17.47,100.00,2.72,32.56,47.26,17.46,100.00,1.96,32.07,48.08,17.89,100.00,1.84,31.49,49.20,17.47,100.00,2.14,32.04,48.71,17.11,100.00,1.94,31.91,50.08,16.06,100.00,1.33,32.96,51.43,14.29,100.00,1.73,31.56,52.87,13.84,100.00,2.00,32.55,51.44,14.01,100.00,1.62,33.72,50.66,14.00,100.00,2.17,32.99,50.84,14.00,100.00,2.41,33.38,50.44,13.76,100.00,2.59,36.67,49.53,11.20,100.00,1.53,33.94,52.12,12.41,100.00,1.12,29.02,55.22,14.63,100.00,0.85,30.25,54.73,14.17,100.00,0.55,32.06,53.87,13.51,100.00,
Bengkulu,,2.41,30.96,52.05,14.58,100.00,3.39,32.12,49.28,15.21,100.00,3.12,30.18,51.23,15.47,100.00,2.91,31.55,51.59,13.95,100.00,3.16,33.29,50.65,12.91,100.00,2.55,34.40,50.14,12.91,100.00,1.98,32.73,52.08,13.21,100.00,2.94,35.50,50.56,11.01,100.00,3.19,34.65,49.78,12.38,100.00,2.71,35.34,51.86,10.09,100.00,3.33,36.13,49.08,11.46,100.00,3.93,35.48,50.49,10.10,100.00,3.87,40.23,47.32,8.57,100.00,1.93,35.60,52.05,10.42,100.00,1.19,35.27,52.34,11.20,100.00,0.81,33.13,55.44,10.61,100.00,0.84,36.00,52.58,10.58,100.00,
Lampung,,1.92,36.65,47.18,14.25,100.00,2.40,36.52,46.77,14.30,100.00,2.23,35.60,47.27,14.90,100.00,2.34,35.73,47.31,14.62,100.00,2.20,37.15,47.80,12.85,100.00,2.51,36.68,48.13,12.69,100.00,1.98,38.85,48.54,10.63,100.00,2.46,37.28,49.05,11.21,100.00,2.36,38.71,48.40,10.53,100.00,2.42,39.62,47.04,10.91,100.00,2.21,39.02,48.04,10.73,100.00,2.60,38.02,48.25,11.12,100.00,2.47,40.29,48.81,8.42,100.00,1.19,37.89,51.08,9.84,100.00,1.57,39.50,49.72,9.21,100.00,0.60,35.85,53.65,9.91,100.00,0.75,38.42,51.15,9.68,100.00,
Kepulauan Bangka Belitung,,3.30,36.14,45.75,14.81,100.00,3.89,36.78,44.32,15.01,100.00,3.84,36.01,45.79,14.36,100.00,3.97,35.09,47.09,13.86,100.00,3.76,35.76,48.39,12.08,100.00,3.64,36.31,48.22,11.83,100.00,2.63,36.85,49.22,11.30,100.00,4.17,34.91,48.77,12.15,100.00,4.42,36.71,47.87,11.00,100.00,3.37,36.94,48.68,11.01,100.00,3.98,38.05,47.54,10.44,100.00,5.11,38.82,45.93,10.14,100.00,5.09,42.28,44.54,8.09,100.00,2.79,39.67,47.21,10.33,100.00,1.85,36.28,49.65,12.22,100.00,2.01,34.94,50.75,12.30,100.00,1.17,38.31,50.32,10.20,100.00,
Kepulauan Riau,,3.59,38.89,44.39,13.14,100.00,5.08,33.41,46.96,14.55,100.00,7.62,35.98,43.91,12.49,100.00,6.47,37.80,43.99,11.73,100.00,7.25,36.44,44.15,12.17,100.00,7.20,36.51,44.45,11.85,100.00,5.99,35.77,48.02,10.22,100.00,5.73,35.19,49.36,9.73,100.00,6.65,36.20,45.18,11.97,100.00,5.97,37.03,46.37,10.62,100.00,5.49,37.90,45.98,10.63,100.00,6.82,36.77,47.31,9.10,100.00,7.11,37.38,46.12,9.39,100.00,6.22,35.03,48.09,10.66,100.00,1.49,35.35,49.82,13.35,100.00,3.73,36.68,49.37,10.22,100.00,4.49,36.52,48.64,10.35,100.00,
DKI Jakarta,,4.28,35.98,43.95,15.79,100.00,8.02,35.43,39.15,17.41,100.00,5.76,34.75,43.61,15.89,100.00,6.66,32.19,44.22,16.92,100.00,7.05,33.15,45.83,13.96,100.00,6.41,33.96,45.39,14.25,100.00,6.06,35.31,46.24,12.38,100.00,5.65,36.13,46.50,11.72,100.00,7.21,36.13,45.00,11.66,100.00,5.91,37.96,45.22,10.92,100.00,7.91,37.33,45.17,9.59,100.00,8.28,38.25,44.47,9.00,100.00,7.31,41.44,43.16,8.09,100.00,4.58,37.33,49.66,8.43,100.00,1.72,34.77,53.83,9.68,100.00,1.70,35.42,53.48,9.41,100.00,1.28,37.54,53.60,7.58,100.00,
Jawa Barat,,2.15,39.93,45.72,12.20,100.00,3.54,39.99,43.76,12.71,100.00,3.03,39.22,45.92,11.82,100.00,2.90,38.26,46.38,12.45,100.00,3.48,39.15,45.95,11.41,100.00,3.19,39.02,46.41,11.38,100.00,3.21,40.47,46.13,10.19,100.00,3.11,39.92,46.73,10.24,100.00,3.97,40.56,45.39,10.08,100.00,3.54,41.11,45.16,10.19,100.00,4.22,40.67,45.09,10.03,100.00,4.35,40.14,46.22,9.28,100.00,3.73,44.95,44.09,7.23,100.00,2.11,42.39,47.95,7.54,100.00,1.33,39.05,50.74,8.88,100.00,1.05,39.19,51.77,7.99,100.00,0.84,40.24,51.29,7.63,100.00,
Jawa Tengah,,2.58,39.69,45.84,11.89,100.00,2.93,40.70,44.28,12.09,100.00,2.91,40.03,45.28,11.78,100.00,2.76,38.37,46.62,12.25,100.00,2.54,39.43,46.29,11.74,100.00,2.67,38.78,46.34,12.21,100.00,2.59,39.99,45.99,11.43,100.00,2.95,38.50,47.26,11.29,100.00,3.22,38.56,46.31,11.92,100.00,2.76,39.39,46.18,11.68,100.00,3.08,39.61,45.44,11.87,100.00,3.38,39.35,45.53,11.74,100.00,3.08,41.80,45.37,9.75,100.00,1.67,38.91,48.51,10.91,100.00,2.47,41.97,46.60,8.96,100.00,1.27,38.57,48.70,11.46,100.00,1.39,39.53,48.48,10.60,100.00,
DI Yogyakarta,,9.29,40.94,40.69,9.08,100.00,11.61,37.57,40.00,10.82,100.00,8.99,37.80,42.98,10.24,100.00,9.69,39.49,40.07,10.75,100.00,8.92,38.77,43.44,8.87,100.00,10.97,37.16,42.56,9.31,100.00,10.59,37.95,42.47,8.99,100.00,9.63,38.38,42.69,9.30,100.00,8.85,39.00,41.95,10.19,100.00,9.10,39.31,42.14,9.44,100.00,11.65,38.04,40.00,10.31,100.00,10.52,38.35,41.59,9.54,100.00,9.57,38.82,42.51,9.10,100.00,3.10,38.10,47.55,11.25,100.00,4.43,37.89,48.50,9.18,100.00,7.00,38.74,46.00,8.25,100.00,7.88,39.58,44.90,7.64,100.00,
Jawa Timur,,2.53,42.35,43.78,11.34,100.00,3.03,43.92,42.67,10.38,100.00,2.96,42.19,44.40,10.44,100.00,2.98,41.76,44.30,10.95,100.00,3.16,41.85,44.24,10.76,100.00,3.12,40.67,45.01,11.20,100.00,2.96,42.10,44.89,10.06,100.00,3.31,41.53,45.25,9.91,100.00,3.71,41.17,44.74,10.38,100.00,3.70,42.57,43.25,10.49,100.00,4.09,41.96,43.19,10.77,100.00,4.02,42.49,43.28,10.21,100.00,3.56,45.46,42.05,8.94,100.00,1.80,41.45,46.23,10.52,100.00,2.05,43.56,45.15,9.24,100.00,1.68,41.92,46.38,10.01,100.00,1.72,43.44,44.99,9.86,100.00,
Banten,,3.22,31.16,45.49,20.13,100.00,3.80,32.54,45.67,17.99,100.00,2.99,31.03,47.82,18.16,100.00,2.74,29.93,48.94,18.39,100.00,2.92,30.86,48.62,17.61,100.00,2.41,31.19,48.12,18.28,100.00,2.21,32.26,49.55,15.97,100.00,2.36,32.69,49.38,15.57,100.00,2.92,33.00,49.69,14.39,100.00,2.87,31.14,51.23,14.76,100.00,2.89,32.54,50.49,14.08,100.00,2.58,33.76,50.26,13.41,100.00,2.54,40.17,47.33,9.96,100.00,1.63,36.48,51.87,10.03,100.00,1.13,31.06,55.53,12.28,100.00,0.49,32.46,57.23,9.82,100.00,0.73,32.70,55.67,10.90,100.00,
B a l i,,3.72,37.36,43.10,15.82,100.00,5.11,37.54,41.19,16.15,100.00,5.51,35.37,43.80,15.33,100.00,4.98,35.01,45.56,14.45,100.00,5.94,36.33,42.23,15.50,100.00,6.39,35.44,43.44,14.74,100.00,4.85,34.29,44.40,16.46,100.00,5.17,36.04,43.80,14.98,100.00,5.66,36.51,42.33,15.50,100.00,5.21,36.84,41.97,15.99,100.00,6.18,35.32,41.75,16.75,100.00,6.33,35.19,42.74,15.74,100.00,5.01,36.49,43.10,15.40,100.00,1.85,32.23,46.41,19.52,100.00,3.15,36.29,45.56,14.99,100.00,3.48,35.24,46.40,14.88,100.00,4.85,36.20,43.65,15.29,100.00,
Nusa Tenggara Barat,,2.63,40.26,43.23,13.88,100.00,3.46,40.56,42.66,13.32,100.00,2.81,40.99,44.35,11.85,100.00,3.08,40.91,44.47,11.55,100.00,2.63,40.14,46.03,11.20,100.00,2.75,39.97,46.39,10.89,100.00,2.42,43.37,44.78,9.43,100.00,2.40,41.87,46.42,9.30,100.00,2.73,41.96,46.20,9.11,100.00,2.74,42.18,45.28,9.81,100.00,3.01,42.83,44.83,9.33,100.00,3.64,43.07,43.66,9.62,100.00,3.24,47.12,42.25,7.39,100.00,1.95,42.92,47.09,8.05,100.00,1.74,43.04,46.95,8.26,100.00,1.09,40.65,50.04,8.22,100.00,1.30,42.35,49.70,6.65,100.00,
Nusa Tenggara Timur,,2.72,24.87,40.34,32.07,100.00,3.30,25.00,37.91,33.79,100.00,3.34,23.00,39.75,33.91,100.00,3.30,21.38,41.20,34.12,100.00,3.31,20.31,42.84,33.54,100.00,3.44,21.59,41.48,33.49,100.00,3.12,23.95,42.06,30.86,100.00,3.54,22.73,41.51,32.23,100.00,3.78,22.84,41.91,31.47,100.00,3.45,22.58,42.27,31.70,100.00,3.81,23.37,41.22,31.60,100.00,3.90,23.37,42.20,30.53,100.00,4.19,28.04,43.27,24.49,100.00,2.38,24.03,44.50,29.09,100.00,1.52,22.79,46.26,29.42,100.00,1.62,23.01,47.40,27.98,100.00,1.70,23.98,48.59,25.73,100.00,
Kalimantan Barat,,2.44,31.71,46.09,19.76,100.00,2.99,29.63,46.61,20.77,100.00,2.42,30.10,47.46,20.01,100.00,2.33,29.74,48.43,19.49,100.00,2.38,28.89,49.29,19.43,100.00,2.70,28.74,49.03,19.53,100.00,2.37,29.07,50.59,17.97,100.00,2.62,30.46,48.81,18.11,100.00,2.88,29.68,49.01,18.43,100.00,2.60,31.23,47.58,18.60,100.00,3.22,29.22,49.45,18.11,100.00,3.25,30.90,49.46,16.39,100.00,3.74,36.15,46.13,13.99,100.00,1.95,32.61,50.05,15.39,100.00,1.84,32.15,50.61,15.40,100.00,0.63,30.60,51.95,16.82,100.00,0.86,32.39,51.71,15.04,100.00,
Kalimantan Tengah,,2.74,38.74,45.62,12.90,100.00,3.52,36.49,44.26,15.73,100.00,3.82,38.58,46.17,11.43,100.00,4.22,37.58,46.04,12.17,100.00,5.17,39.05,44.28,11.49,100.00,5.45,36.50,46.41,11.64,100.00,3.98,38.72,45.50,11.80,100.00,3.94,38.96,45.92,11.18,100.00,4.84,36.69,46.98,11.50,100.00,4.56,39.22,44.60,11.61,100.00,4.42,39.00,44.75,11.83,100.00,4.75,40.49,43.74,11.02,100.00,5.79,43.86,41.29,9.07,100.00,3.65,42.67,44.98,8.70,100.00,2.31,40.21,47.90,9.58,100.00,1.95,41.66,47.30,9.09,100.00,1.88,42.55,47.41,8.16,100.00,
Kalimantan Selatan,,3.40,39.42,45.14,12.03,100.00,4.41,40.19,43.03,12.37,100.00,3.56,40.63,44.79,11.02,100.00,4.27,39.52,45.50,10.71,100.00,4.07,40.43,45.65,9.85,100.00,3.98,39.71,46.92,9.38,100.00,3.46,40.92,45.25,10.37,100.00,3.97,40.03,45.77,10.22,100.00,4.87,39.55,45.52,10.06,100.00,4.26,39.44,46.62,9.68,100.00,4.55,39.68,45.83,9.93,100.00,5.01,39.11,45.23,10.64,100.00,4.85,41.93,44.02,9.20,100.00,2.73,39.22,48.74,9.31,100.00,1.54,36.17,51.63,10.66,100.00,1.93,38.24,50.12,9.71,100.00,1.80,40.00,49.61,8.58,100.00,
Kalimantan Timur,,3.38,34.47,44.37,17.79,100.00,4.35,33.88,43.11,18.66,100.00,5.09,33.14,45.39,16.38,100.00,5.03,31.84,45.92,17.21,100.00,5.13,33.40,45.42,16.06,100.00,5.33,31.61,47.27,15.78,100.00,3.33,33.50,49.99,13.18,100.00,4.98,34.48,47.39,13.15,100.00,5.11,34.10,46.10,14.68,100.00,4.65,33.48,47.36,14.51,100.00,5.90,33.65,45.81,14.63,100.00,5.71,37.57,44.07,12.65,100.00,5.91,37.15,44.26,12.68,100.00,3.71,36.04,47.49,12.76,100.00,3.45,36.13,47.13,13.29,100.00,2.17,34.50,49.58,13.75,100.00,1.72,37.51,48.18,12.60,100.00,
Kalimantan Utara,,,,,,,,,,,,,,,,,,,,,,,,,,,,,,,,3.41,28.16,46.34,22.10,100.00,4.17,27.06,45.38,23.38,100.00,5.59,29.67,42.29,22.45,100.00,5.07,30.74,44.46,19.73,100.00,5.58,29.98,45.16,19.27,100.00,5.34,30.22,43.12,21.32,100.00,7.88,32.60,42.85,16.67,100.00,3.72,31.87,44.68,19.73,100.00,2.23,31.80,45.00,20.97,100.00,1.44,31.88,44.40,22.28,100.00,2.05,31.07,45.57,21.31,100.00,
Sulawesi Utara,,3.03,39.42,45.13,12.42,100.00,3.29,38.60,43.44,14.67,100.00,3.08,37.01,46.39,13.52,100.00,3.68,35.44,46.79,14.09,100.00,3.39,34.82,46.62,15.17,100.00,3.71,35.55,45.22,15.53,100.00,3.13,36.90,45.65,14.32,100.00,3.56,36.36,44.70,15.39,100.00,4.47,35.45,43.86,16.21,100.00,3.86,37.31,43.49,15.34,100.00,4.37,37.42,42.54,15.67,100.00,4.91,38.25,42.35,14.49,100.00,4.72,41.16,40.70,13.42,100.00,3.55,39.68,44.01,12.75,100.00,3.32,41.04,42.67,12.96,100.00,1.43,38.91,46.12,13.54,100.00,1.33,40.33,45.85,12.49,100.00,
Sulawesi Tengah,,2.65,30.43,45.66,21.26,100.00,3.73,29.94,45.77,20.57,100.00,3.33,29.47,46.47,20.73,100.00,2.96,28.72,46.08,22.25,100.00,3.15,32.08,45.13,19.65,100.00,3.18,32.96,44.81,19.04,100.00,2.34,33.79,44.46,19.41,100.00,3.55,34.73,43.28,18.44,100.00,3.57,33.25,44.59,18.59,100.00,3.47,35.39,43.83,17.31,100.00,3.30,33.79,44.47,18.44,100.00,3.36,34.79,44.71,17.14,100.00,3.68,36.77,42.70,16.85,100.00,2.23,33.79,46.02,17.96,100.00,1.51,32.10,46.41,19.97,100.00,1.28,31.71,48.30,18.71,100.00,1.13,34.62,46.61,17.65,100.00,
Sulawesi Selatan,,2.62,28.59,43.78,25.00,100.00,2.71,27.20,42.44,27.64,100.00,2.95,26.19,44.85,26.01,100.00,2.74,27.16,44.44,25.66,100.00,2.89,27.50,45.10,24.51,100.00,2.91,27.19,46.03,23.86,100.00,2.17,28.71,46.00,23.12,100.00,2.80,27.88,45.43,23.88,100.00,3.07,29.06,44.54,23.33,100.00,2.28,29.63,45.44,22.64,100.00,2.88,29.05,45.65,22.42,100.00,3.10,28.96,45.61,22.33,100.00,3.33,34.75,44.33,17.59,100.00,1.92,31.14,47.39,19.55,100.00,1.11,30.57,47.48,20.84,100.00,0.68,29.59,49.39,20.34,100.00,0.84,30.81,47.47,20.88,100.00,
Sulawesi Tenggara,,1.92,25.56,45.57,26.95,100.00,2.97,27.24,43.05,26.74,100.00,2.54,25.97,44.66,26.83,100.00,3.29,24.96,45.26,26.48,100.00,3.09,25.05,45.92,25.95,100.00,3.25,26.28,45.76,24.71,100.00,2.84,28.29,44.52,24.35,100.00,3.06,27.46,47.49,21.98,100.00,2.50,29.44,44.87,23.20,100.00,3.59,29.04,43.81,23.56,100.00,3.16,27.82,45.17,23.84,100.00,3.35,29.08,44.53,23.05,100.00,3.77,32.11,45.31,18.81,100.00,1.99,30.45,46.09,21.47,100.00,1.18,26.48,48.52,23.82,100.00,1.40,27.54,47.41,23.65,100.00,1.13,28.83,49.38,20.66,100.00,
Gorontalo,,0.71,32.35,47.82,19.12,100.00,2.13,31.86,45.04,20.97,100.00,2.12,29.83,47.80,20.24,100.00,1.37,30.87,49.03,18.73,100.00,1.38,33.36,45.39,19.87,100.00,1.74,32.99,47.10,18.18,100.00,1.75,34.20,47.27,16.78,100.00,2.39,33.32,45.29,19.00,100.00,1.84,35.08,45.54,17.54,100.00,2.25,32.74,46.10,18.91,100.00,2.94,35.50,43.73,17.84,100.00,3.13,34.62,46.79,15.46,100.00,3.05,37.96,44.75,14.25,100.00,1.71,33.94,46.93,17.41,100.00,0.92,32.41,47.12,19.55,100.00,0.62,32.54,47.17,19.68,100.00,0.58,31.65,52.01,15.76,100.00,
Sulawesi Barat,,2.59,26.05,41.61,29.74,100.00,3.05,27.57,40.89,28.50,100.00,3.22,26.12,43.11,27.54,100.00,3.17,26.24,43.08,27.50,100.00,2.07,28.87,44.04,25.03,100.00,2.34,27.59,44.22,25.85,100.00,1.90,29.64,44.39,24.07,100.00,2.50,28.76,44.42,24.32,100.00,2.84,29.63,44.23,23.29,100.00,2.75,30.64,44.56,22.05,100.00,3.61,32.16,43.60,20.62,100.00,3.16,30.71,44.29,21.84,100.00,2.47,33.44,46.37,17.73,100.00,1.50,29.62,47.98,20.90,100.00,1.33,29.65,47.14,21.88,100.00,1.19,27.91,46.91,23.99,100.00,0.86,28.34,48.35,22.46,100.00,
Maluku,,2.30,23.63,40.77,33.31,100.00,3.42,22.93,37.81,35.84,100.00,2.93,23.77,40.63,32.67,100.00,2.85,21.88,40.33,34.94,100.00,3.90,23.22,39.89,33.00,100.00,3.60,21.79,41.22,33.38,100.00,2.38,22.73,42.63,32.26,100.00,2.59,23.20,42.74,31.47,100.00,3.29,23.04,41.54,32.13,100.00,2.73,23.40,42.54,31.33,100.00,3.43,23.54,41.61,31.42,100.00,3.79,22.94,41.56,31.71,100.00,5.14,29.03,40.14,25.68,100.00,2.29,28.83,40.91,27.96,100.00,2.47,25.61,44.73,27.19,100.00,1.10,24.94,43.35,30.61,100.00,1.11,26.35,45.35,27.20,100.00,
Maluku Utara,,2.08,25.57,42.04,30.31,100.00,2.09,23.26,41.86,32.80,100.00,2.47,23.37,43.78,30.38,100.00,2.99,22.75,44.02,30.24,100.00,3.28,22.63,45.89,28.20,100.00,3.02,21.06,45.03,30.90,100.00,2.34,23.46,47.11,27.09,100.00,2.77,22.52,45.97,28.75,100.00,2.80,24.80,44.84,27.56,100.00,2.81,23.65,43.91,29.63,100.00,3.74,24.62,44.63,27.01,100.00,3.84,23.93,46.63,25.60,100.00,4.74,30.61,44.07,20.59,100.00,1.99,29.41,45.55,23.05,100.00,1.22,26.85,46.19,25.74,100.00,0.75,24.73,47.84,26.67,100.00,1.02,25.25,50.67,23.06,100.00,
Papua Barat,,3.11,33.53,40.07,23.29,100.00,4.77,31.49,37.13,26.60,100.00,4.84,31.88,39.26,24.03,100.00,6.09,30.07,38.46,25.38,100.00,5.56,30.97,40.96,22.51,100.00,7.52,29.94,39.43,23.11,100.00,4.93,29.98,40.63,24.46,100.00,5.10,31.91,41.39,21.59,100.00,5.39,33.80,39.91,20.90,100.00,5.91,31.56,40.07,22.45,100.00,6.46,29.34,41.42,22.78,100.00,5.52,33.11,39.14,22.23,100.00,5.87,35.66,38.62,19.85,100.00,3.90,33.35,41.48,21.27,100.00,5.15,35.05,39.83,19.98,100.00,2.95,30.18,44.19,22.68,100.00,3.14,34.60,41.07,21.19,100.00,
Papua Barat Daya,,,,,,,,,,,,,,,,,,,,,,,,,,,,,,,,,,,,,,,,,,,,,,,,,,,,,,,,,,,,,,,,,,,,,,,,,,,,,3.12,29.88,42.85,24.14,100.00,2.63,30.69,45.75,20.93,100.00,
Papua,,2.44,38.03,40.99,18.54,100.00,3.15,32.04,42.86,21.95,100.00,4.57,36.77,40.80,17.85,100.00,4.93,34.22,43.50,17.34,100.00,5.89,38.37,42.03,13.71,100.00,6.60,37.10,42.29,14.01,100.00,5.16,38.51,41.17,15.16,100.00,4.58,39.44,41.91,14.07,100.00,5.12,39.71,39.69,15.47,100.00,5.50,39.26,37.53,17.71,100.00,6.48,40.06,38.37,15.08,100.00,6.37,41.59,38.16,13.87,100.00,6.65,40.34,38.80,14.21,100.00,5.75,36.74,40.57,16.94,100.00,9.52,39.96,37.53,12.99,100.00,2.80,34.18,41.10,21.92,100.00,2.19,37.01,40.91,19.89,100.00,
Papua Selatan,,,,,,,,,,,,,,,,,,,,,,,,,,,,,,,,,,,,,,,,,,,,,,,,,,,,,,,,,,,,,,,,,,,,,,,,,,,,,2.57,31.79,42.58,23.06,100.00,3.21,35.25,40.22,21.31,100.00,
Papua Tengah,,,,,,,,,,,,,,,,,,,,,,,,,,,,,,,,,,,,,,,,,,,,,,,,,,,,,,,,,,,,,,,,,,,,,,,,,,,,,4.30,42.13,42.37,11.19,100.00,4.23,41.97,46.27,7.54,100.00,
Papua Pegunungan,,,,,,,,,,,,,,,,,,,,,,,,,,,,,,,,,,,,,,,,,,,,,,,,,,,,,,,,,,,,,,,,,,,,,,,,,,,,,3.80,38.26,44.07,13.88,100.00,5.06,37.42,49.75,7.77,100.00,
INDONESIA,,2.61,36.86,45.03,15.50,100.00,3.53,37.09,43.57,15.82,100.00,3.20,36.15,45.47,15.17,100.00,3.19,35.26,46.08,15.47,100.00,3.39,35.92,46.04,14.65,100.00,3.35,35.49,46.45,14.72,100.00,3.01,36.82,46.53,13.63,100.00,3.25,36.33,46.89,13.53,100.00,3.69,36.62,46.03,13.66,100.00,3.44,37.22,45.72,13.62,100.00,3.96,36.98,45.56,13.49,100.00,4.05,37.26,45.74,12.95,100.00,3.84,40.65,44.63,10.88,100.00,2.14,37.76,48.19,11.90,100.00,1.86,36.83,49.04,12.26,100.00,1.38,36.00,50.32,12.30,100.00,1.37,37.45,49.63,11.55,100.00,
,,,,,,,,,,,,,,,,,,,,,,,,,,,,,,,,,,,,,,,,,,,,,,,,,,,,,,,,,,,,,,,,,,,,,,,,,,,,,,,,,,,,,,,
Jenis Kelamin Kepala Rumah Tangga : Perempuan,,,,,,,,,,,,,,,,,,,,,,,,,,,,,,,,,,,,,,,,,,,,,,,,,,,,,,,,,,,,,,,,,,,,,,,,,,,,,,,,,,,,,,,
Provinsi,Jenis Kelamin Kepala Rumah Tangga,Perempuan,,,,,,,,,,,,,,,,,,,,,,,,,,,,,,,,,,,,,,,,,,,,,,,,,,,,,,,,,,,,,,,,,,,,,,,,,,,,,,,,,,,,,
,Tahun,2009,,,,,2010,,,,,2011,,,,,2012,,,,,2013,,,,,2014,,,,,2015,,,,,2016,,,,,2017,,,,,2018,,,,,2019,,,,,2020,,,,,2021,,,,,2022,,,,,2023,,,,,2024,,,,,2025,,,,,
,Jumlah Anggota Rumah Tangga,1,2-3,4-5,6,Total,1,2-3,4-5,6,Total,1,2-3,4-5,6,Total,1,2-3,4-5,6,Total,1,2-3,4-5,6,Total,1,2-3,4-5,6,Total,1,2-3,4-5,6,Total,1,2-3,4-5,6,Total,1,2-3,4-5,6,Total,1,2-3,4-5,6,Total,1,2-3,4-5,6,Total,1,2-3,4-5,6,Total,1,2-3,4-5,6,Total,1,2-3,4-5,6,Total,1,2-3,4-5,6,Total,1,2-3,4-5,6,Total,1,2-3,4-5,6,Total,
Aceh,,27.58,42.91,22.57,6.94,100.00,25.28,41.44,23.60,9.68,100.00,24.28,43.47,23.77,8.48,100.00,25.15,42.84,24.72,7.29,100.00,23.59,43.92,23.55,8.95,100.00,23.01,42.82,25.59,8.58,100.00,22.47,42.83,25.29,9.41,100.00,24.08,40.16,26.36,9.40,100.00,24.52,41.87,24.09,9.53,100.00,22.64,38.83,25.69,12.84,100.00,21.35,43.01,24.70,10.94,100.00,23.04,39.36,26.58,11.02,100.00,27.54,46.35,17.73,8.38,100.00,27.20,45.56,19.93,7.32,100.00,18.56,45.18,25.45,10.82,100.00,21.27,46.85,23.85,8.04,100.00,19.53,49.15,26.25,5.08,100.00,
Sumatera Utara,,23.61,43.60,24.70,8.09,100.00,23.99,41.40,23.66,10.95,100.00,22.95,41.67,24.34,11.04,100.00,23.06,41.24,24.93,10.76,100.00,24.45,39.92,25.29,10.35,100.00,23.09,40.56,26.31,10.04,100.00,23.42,41.35,25.88,9.35,100.00,25.00,40.76,25.33,8.91,100.00,22.99,39.75,27.32,9.95,100.00,22.99,41.91,25.63,9.47,100.00,23.04,41.67,25.05,10.24,100.00,23.47,40.96,25.69,9.89,100.00,28.22,44.11,21.42,6.25,100.00,22.97,48.95,21.49,6.59,100.00,21.46,44.49,27.05,7.01,100.00,14.71,49.18,29.60,6.51,100.00,14.81,52.63,26.68,5.87,100.00,
Sumatera Barat,,28.22,42.00,20.96,8.83,100.00,29.00,40.04,19.14,11.82,100.00,28.28,38.25,23.09,10.38,100.00,28.19,37.58,22.54,11.70,100.00,25.69,39.50,23.46,11.35,100.00,24.05,38.40,25.62,11.94,100.00,25.28,43.13,22.42,9.17,100.00,28.22,39.35,22.96,9.47,100.00,27.79,39.92,20.63,11.65,100.00,25.29,42.42,21.55,10.74,100.00,25.56,41.44,21.77,11.23,100.00,28.68,39.29,23.29,8.74,100.00,28.67,45.19,17.77,8.36,100.00,21.18,47.40,21.98,9.44,100.00,22.00,44.85,23.69,9.47,100.00,21.25,43.48,26.17,9.10,100.00,16.54,46.34,26.64,10.48,100.00,
R i a u,,18.94,40.92,28.89,11.25,100.00,20.34,45.39,21.54,12.72,100.00,17.44,45.48,25.58,11.50,100.00,19.72,41.14,27.96,11.18,100.00,15.91,42.40,28.75,12.94,100.00,21.31,39.58,28.55,10.56,100.00,21.09,42.30,27.52,9.09,100.00,23.08,41.44,24.02,11.45,100.00,22.32,43.70,23.31,10.67,100.00,20.88,40.60,26.55,11.96,100.00,18.39,42.73,25.89,12.99,100.00,23.53,42.66,23.82,9.98,100.00,22.32,47.62,24.19,5.87,100.00,19.28,46.25,27.48,6.98,100.00,13.08,39.74,36.36,10.82,100.00,14.79,42.73,34.14,8.33,100.00,16.20,45.63,30.44,7.74,100.00,
J a m b i,,23.37,46.12,23.54,6.98,100.00,22.80,44.04,23.78,9.37,100.00,20.90,44.81,26.84,7.45,100.00,19.25,43.72,26.25,10.78,100.00,20.52,43.63,27.66,8.19,100.00,16.74,46.53,27.62,9.11,100.00,20.22,42.61,28.51,8.66,100.00,21.99,42.48,27.89,7.64,100.00,21.36,45.69,25.83,7.12,100.00,22.28,40.00,29.54,8.17,100.00,23.03,47.19,24.13,5.65,100.00,26.65,41.62,25.63,6.09,100.00,31.00,46.94,18.29,3.77,100.00,23.41,48.67,21.25,6.67,100.00,21.56,48.06,25.57,4.81,100.00,19.43,49.95,25.27,5.35,100.00,16.35,52.47,24.22,6.97,100.00,
Sumatera Selatan,,18.54,46.66,25.71,9.09,100.00,18.58,44.47,24.58,12.37,100.00,20.27,44.11,26.28,9.34,100.00,20.75,44.21,27.15,7.89,100.00,16.54,43.46,28.30,11.70,100.00,19.46,41.58,28.90,10.05,100.00,17.09,46.35,28.02,8.54,100.00,21.17,45.32,26.34,7.16,100.00,23.17,43.47,25.41,7.96,100.00,21.34,41.78,26.91,9.98,100.00,23.24,41.62,26.95,8.18,100.00,20.82,41.58,28.59,9.00,100.00,26.86,49.25,18.95,4.94,100.00,20.20,49.35,23.25,7.20,100.00,16.63,47.55,28.78,7.05,100.00,16.64,46.22,27.98,9.16,100.00,13.03,53.83,26.78,6.35,100.00,
Bengkulu,,30.56,40.98,23.53,4.93,100.00,28.13,39.20,24.43,8.24,100.00,26.00,40.30,26.76,6.94,100.00,28.01,43.75,20.39,7.86,100.00,24.95,40.12,25.54,9.39,100.00,26.55,40.59,25.72,7.14,100.00,27.00,42.04,25.10,5.86,100.00,27.87,44.48,22.30,5.35,100.00,30.30,43.70,19.58,6.42,100.00,33.60,40.35,20.71,5.34,100.00,33.40,40.56,20.18,5.86,100.00,35.59,42.55,16.48,5.38,100.00,37.16,45.49,15.18,2.16,100.00,25.99,50.00,20.37,3.65,100.00,19.28,53.83,23.38,3.51,100.00,17.77,53.70,25.27,3.26,100.00,21.28,47.61,27.09,4.02,100.00,
Lampung,,26.73,43.84,23.29,6.13,100.00,24.42,44.86,23.35,7.37,100.00,25.13,42.73,25.07,7.07,100.00,26.31,41.21,22.60,9.88,100.00,22.13,39.55,27.77,10.54,100.00,23.49,42.99,25.96,7.55,100.00,20.54,48.68,25.13,5.65,100.00,25.49,43.60,25.11,5.80,100.00,25.40,45.19,23.46,5.95,100.00,23.95,45.84,23.45,6.76,100.00,25.07,46.38,24.58,3.96,100.00,28.43,39.82,25.27,6.48,100.00,29.42,52.43,14.61,3.54,100.00,21.84,50.69,21.77,5.70,100.00,25.79,46.48,22.12,5.62,100.00,16.89,50.76,27.73,4.62,100.00,11.86,54.39,28.08,5.67,100.00,
Kepulauan Bangka Belitung,,30.40,42.15,19.90,7.55,100.00,25.20,44.84,19.22,10.75,100.00,25.74,39.23,24.96,10.07,100.00,22.90,44.39,24.00,8.70,100.00,23.04,47.13,22.63,7.21,100.00,23.66,43.65,23.97,8.72,100.00,25.57,45.12,21.91,7.40,100.00,28.19,40.65,23.09,8.06,100.00,26.42,47.90,19.32,6.35,100.00,24.59,47.56,25.73,2.13,100.00,28.49,50.16,16.64,4.71,100.00,28.50,40.71,24.12,6.67,100.00,31.78,50.36,14.19,3.67,100.00,24.11,54.93,17.65,3.32,100.00,22.53,50.69,22.29,4.49,100.00,19.45,53.51,26.04,0.99,100.00,13.63,61.46,20.87,4.04,100.00,
Kepulauan Riau,,21.01,40.23,27.84,10.92,100.00,25.55,43.42,25.00,6.04,100.00,33.96,38.46,18.02,9.56,100.00,29.65,39.32,19.90,11.14,100.00,27.98,41.62,17.17,13.22,100.00,37.54,33.37,18.25,10.84,100.00,27.58,45.63,23.82,2.97,100.00,38.47,44.13,14.58,2.82,100.00,38.25,41.81,15.58,4.36,100.00,26.89,45.00,22.58,5.53,100.00,33.78,40.65,20.24,5.33,100.00,33.83,43.99,17.33,4.86,100.00,35.18,43.84,17.34,3.63,100.00,30.12,50.13,16.69,3.06,100.00,14.69,46.96,30.31,8.04,100.00,26.62,44.34,21.58,7.46,100.00,34.06,39.26,24.51,2.17,100.00,
DKI Jakarta,,22.07,40.63,24.56,12.75,100.00,29.58,37.61,20.28,12.54,100.00,22.71,39.00,25.53,12.77,100.00,21.49,39.96,25.39,13.17,100.00,20.91,41.23,25.52,12.35,100.00,17.28,43.97,27.48,11.26,100.00,20.91,43.37,23.66,12.06,100.00,25.87,39.13,25.48,9.52,100.00,23.22,42.94,22.89,10.95,100.00,23.69,45.50,21.20,9.60,100.00,27.99,44.44,18.89,8.68,100.00,32.23,40.58,19.36,7.82,100.00,27.51,46.01,19.90,6.58,100.00,20.39,55.26,19.99,4.36,100.00,11.22,59.14,23.19,6.46,100.00,9.44,59.68,25.16,5.72,100.00,12.35,62.09,19.62,5.94,100.00,
Jawa Barat,,34.64,41.65,18.37,5.33,100.00,35.09,39.99,18.78,6.14,100.00,31.97,41.32,20.71,6.00,100.00,31.06,41.93,20.30,6.71,100.00,32.33,41.62,20.62,5.43,100.00,33.48,39.29,22.14,5.09,100.00,33.67,43.10,17.94,5.28,100.00,33.53,42.18,18.80,5.48,100.00,34.13,41.20,19.83,4.84,100.00,31.92,43.64,18.45,5.98,100.00,33.05,42.22,19.87,4.87,100.00,32.98,41.63,19.96,5.43,100.00,36.18,44.95,15.19,3.68,100.00,30.97,47.23,17.92,3.89,100.00,28.62,44.37,21.22,5.79,100.00,24.14,48.11,22.40,5.35,100.00,21.38,54.35,19.48,4.79,100.00,
Jawa Tengah,,35.93,42.93,16.97,4.17,100.00,36.68,42.45,16.45,4.42,100.00,32.36,42.64,20.02,4.98,100.00,32.85,42.12,20.82,4.20,100.00,31.53,41.37,22.16,4.94,100.00,31.58,40.49,22.85,5.08,100.00,32.38,41.52,20.92,5.19,100.00,33.32,42.23,19.98,4.47,100.00,31.40,44.54,19.23,4.83,100.00,31.35,43.51,19.89,5.25,100.00,32.01,42.01,20.48,5.50,100.00,31.55,42.25,20.29,5.91,100.00,36.22,44.90,15.25,3.63,100.00,27.12,50.29,18.43,4.16,100.00,34.55,47.56,15.33,2.57,100.00,27.84,48.19,20.04,3.94,100.00,25.13,50.25,20.83,3.79,100.00,
DI Yogyakarta,,51.62,32.03,12.75,3.60,100.00,53.35,27.99,14.79,3.86,100.00,51.07,31.58,14.94,2.41,100.00,52.59,28.73,15.29,3.40,100.00,49.45,29.70,16.70,4.14,100.00,47.53,31.71,15.91,4.84,100.00,47.03,31.04,19.31,2.62,100.00,48.18,32.55,13.96,5.31,100.00,47.58,29.89,16.69,5.85,100.00,44.36,35.64,16.21,3.79,100.00,49.04,31.33,15.86,3.78,100.00,50.11,32.83,13.50,3.57,100.00,49.01,34.32,13.36,3.31,100.00,32.13,44.50,17.69,5.67,100.00,34.79,46.95,14.77,3.49,100.00,42.35,44.94,10.82,1.89,100.00,45.13,38.32,14.29,2.27,100.00,
Jawa Timur,,34.65,42.20,18.95,4.19,100.00,36.80,41.77,17.16,4.26,100.00,32.11,44.11,19.06,4.73,100.00,32.99,41.98,20.12,4.91,100.00,32.08,41.40,21.48,5.04,100.00,30.93,40.51,22.42,6.14,100.00,31.28,42.25,21.87,4.61,100.00,32.38,39.60,22.78,5.24,100.00,33.13,42.28,19.94,4.64,100.00,31.59,42.52,20.47,5.42,100.00,32.01,42.18,20.43,5.38,100.00,31.63,41.58,21.71,5.08,100.00,37.11,44.95,15.13,2.81,100.00,28.12,48.01,20.06,3.81,100.00,32.61,46.04,17.79,3.56,100.00,29.03,47.14,19.69,4.14,100.00,23.92,50.57,22.19,3.32,100.00,
Banten,,23.82,40.69,25.93,9.55,100.00,27.55,40.20,21.60,10.65,100.00,23.86,40.11,24.79,11.25,100.00,20.78,36.69,27.67,14.87,100.00,19.94,38.37,27.91,13.78,100.00,18.61,41.92,24.09,15.38,100.00,19.50,42.42,25.01,13.06,100.00,19.34,41.55,29.91,9.20,100.00,18.12,39.29,30.24,12.34,100.00,18.64,44.39,26.46,10.51,100.00,18.80,43.19,26.03,11.98,100.00,17.44,41.29,27.81,13.46,100.00,27.35,47.43,17.89,7.32,100.00,19.84,52.64,21.63,5.89,100.00,22.13,44.98,24.43,8.46,100.00,15.37,50.18,27.46,6.99,100.00,12.28,49.91,29.96,7.85,100.00,
B a l i,,47.87,38.06,10.57,3.50,100.00,48.86,35.48,12.64,3.02,100.00,46.66,36.27,13.89,3.18,100.00,42.39,41.25,12.03,4.33,100.00,42.73,38.96,12.99,5.32,100.00,45.31,41.83,10.88,1.98,100.00,47.11,39.09,11.26,2.54,100.00,45.80,38.82,11.53,3.85,100.00,49.55,35.74,11.68,3.03,100.00,43.88,40.79,12.32,3.01,100.00,46.94,38.16,12.84,2.06,100.00,44.44,38.60,14.04,2.92,100.00,41.82,46.23,9.76,2.19,100.00,23.46,53.26,17.26,6.02,100.00,44.17,41.49,12.05,2.29,100.00,36.19,46.70,16.01,1.10,100.00,37.81,44.08,13.88,4.24,100.00,
Nusa Tenggara Barat,,23.15,54.56,19.71,2.58,100.00,23.83,55.57,17.11,3.50,100.00,23.01,55.54,17.48,3.97,100.00,21.73,55.34,18.71,4.22,100.00,22.44,54.83,19.51,3.22,100.00,23.00,53.68,19.44,3.88,100.00,21.41,59.41,16.00,3.18,100.00,23.76,55.14,18.00,3.10,100.00,21.95,56.24,18.58,3.24,100.00,20.77,58.95,16.42,3.85,100.00,19.87,57.09,19.16,3.87,100.00,26.28,54.10,15.81,3.81,100.00,30.33,55.29,12.35,2.04,100.00,24.89,55.88,17.37,1.86,100.00,25.59,57.88,15.38,1.15,100.00,22.65,59.63,16.03,1.69,100.00,22.69,54.41,21.78,1.12,100.00,
Nusa Tenggara Timur,,18.17,44.68,25.67,11.47,100.00,19.99,43.70,23.22,13.08,100.00,17.60,41.79,27.09,13.52,100.00,21.08,40.03,24.12,14.77,100.00,18.83,36.89,28.43,15.85,100.00,19.12,38.44,27.01,15.43,100.00,17.77,40.16,28.94,13.12,100.00,18.70,39.88,27.73,13.69,100.00,18.85,38.19,25.55,17.42,100.00,21.05,37.73,28.65,12.57,100.00,19.69,38.23,27.66,14.42,100.00,19.42,38.89,27.62,14.07,100.00,27.24,42.31,20.31,10.14,100.00,17.37,40.35,29.06,13.22,100.00,14.77,39.80,30.80,14.63,100.00,16.40,41.72,28.67,13.21,100.00,13.81,42.94,30.65,12.60,100.00,
Kalimantan Barat,,21.38,43.52,24.94,10.17,100.00,22.15,42.59,22.33,12.93,100.00,16.64,45.16,27.68,10.52,100.00,16.73,43.30,27.27,12.70,100.00,17.30,43.35,27.82,11.53,100.00,20.37,43.41,26.98,9.24,100.00,17.62,45.79,24.94,11.65,100.00,20.37,43.58,23.45,12.60,100.00,19.99,44.91,26.12,8.97,100.00,17.99,40.45,30.73,10.83,100.00,19.37,43.58,27.14,9.91,100.00,19.78,42.25,26.95,11.02,100.00,24.33,46.00,22.36,7.31,100.00,18.62,49.44,24.44,7.50,100.00,18.16,47.72,28.82,5.29,100.00,9.83,50.13,28.46,11.58,100.00,7.57,47.81,30.79,13.82,100.00,
Kalimantan Tengah,,26.94,50.57,17.57,4.92,100.00,28.26,43.83,19.57,8.35,100.00,26.64,47.31,20.58,5.46,100.00,29.66,42.71,22.26,5.37,100.00,25.41,48.26,20.06,6.28,100.00,26.52,40.76,25.10,7.62,100.00,23.99,48.65,22.67,4.69,100.00,24.07,46.81,21.95,7.17,100.00,28.59,43.72,20.92,6.77,100.00,25.81,42.92,23.81,7.47,100.00,27.46,48.42,18.11,6.00,100.00,28.20,43.65,22.33,5.83,100.00,37.11,48.39,11.62,2.89,100.00,27.06,50.15,19.51,3.29,100.00,28.75,49.73,19.70,1.82,100.00,17.55,53.53,25.91,3.01,100.00,18.21,51.99,22.99,6.81,100.00,
Kalimantan Selatan,,31.78,42.98,19.11,6.14,100.00,31.53,44.79,17.67,6.01,100.00,28.40,46.00,21.26,4.33,100.00,30.96,39.50,23.71,5.83,100.00,31.29,43.96,19.40,5.35,100.00,32.55,43.21,18.59,5.66,100.00,28.98,49.75,17.29,3.98,100.00,28.42,47.50,20.17,3.91,100.00,27.23,48.51,18.64,5.62,100.00,29.72,47.49,17.35,5.43,100.00,30.14,46.38,19.13,4.34,100.00,28.42,47.92,18.83,4.83,100.00,35.46,45.32,15.51,3.71,100.00,29.43,51.04,16.87,2.66,100.00,24.44,48.30,22.83,4.43,100.00,24.98,48.35,21.15,5.52,100.00,28.84,47.92,19.37,3.88,100.00,
Kalimantan Timur,,23.05,42.99,23.45,10.50,100.00,29.19,36.90,22.76,11.15,100.00,27.59,41.93,19.03,11.46,100.00,22.11,39.11,25.54,13.24,100.00,28.11,33.98,28.90,9.01,100.00,24.98,41.52,21.97,11.53,100.00,22.88,43.52,24.41,9.19,100.00,24.62,44.58,19.94,10.86,100.00,20.20,43.83,24.98,10.99,100.00,23.86,43.48,22.13,10.53,100.00,23.88,43.04,24.76,8.33,100.00,23.12,43.57,22.48,10.83,100.00,33.36,46.76,14.22,5.66,100.00,24.10,43.06,26.25,6.59,100.00,23.59,44.59,23.59,8.24,100.00,19.72,44.69,26.20,9.39,100.00,12.93,59.18,22.46,5.43,100.00,
Kalimantan Utara,,,,,,,,,,,,,,,,,,,,,,,,,,,,,,,,19.67,32.93,29.10,18.29,100.00,20.83,37.14,24.45,17.57,100.00,19.49,38.38,29.01,13.12,100.00,21.26,35.54,27.46,15.73,100.00,23.92,43.07,22.71,10.29,100.00,19.59,38.89,29.40,12.12,100.00,24.90,43.19,18.96,12.95,100.00,16.37,40.78,32.57,10.28,100.00,13.89,39.72,26.19,20.20,100.00,9.55,38.63,37.66,14.16,100.00,11.44,46.45,27.69,14.42,100.00,
Sulawesi Utara,,30.90,47.80,14.95,6.36,100.00,28.53,43.87,20.00,7.60,100.00,26.58,45.57,21.61,6.23,100.00,28.28,45.68,19.83,6.21,100.00,28.17,39.21,24.69,7.93,100.00,23.32,44.34,23.36,8.97,100.00,23.20,46.96,21.34,8.49,100.00,26.90,43.18,22.83,7.09,100.00,28.92,41.67,20.65,8.76,100.00,28.14,41.22,21.94,8.70,100.00,28.09,41.09,20.65,10.16,100.00,28.49,41.54,22.91,7.05,100.00,29.44,49.76,15.89,4.91,100.00,23.50,53.50,17.19,5.80,100.00,22.54,52.11,20.29,5.06,100.00,14.11,56.69,23.13,6.06,100.00,14.97,57.03,22.42,5.58,100.00,
Sulawesi Tengah,,25.49,45.44,21.51,7.55,100.00,26.99,43.74,19.84,9.43,100.00,22.46,41.65,22.82,13.07,100.00,18.87,38.90,28.94,13.28,100.00,25.15,38.65,25.02,11.18,100.00,21.93,44.89,23.07,10.12,100.00,19.48,45.14,24.54,10.84,100.00,25.81,37.37,26.40,10.42,100.00,25.55,44.03,21.77,8.65,100.00,25.32,44.51,18.39,11.79,100.00,24.21,43.59,21.58,10.62,100.00,24.98,41.31,23.34,10.37,100.00,31.91,42.18,17.88,8.03,100.00,21.69,43.30,22.00,13.01,100.00,21.15,43.42,19.77,15.66,100.00,21.77,43.41,21.38,13.44,100.00,19.36,45.73,24.28,10.64,100.00,
Sulawesi Selatan,,25.01,42.40,21.52,11.07,100.00,23.37,44.67,21.27,10.69,100.00,23.14,41.92,23.13,11.80,100.00,21.92,40.81,26.08,11.19,100.00,22.42,42.05,23.45,12.08,100.00,21.69,41.62,24.95,11.74,100.00,20.10,40.49,27.96,11.45,100.00,19.72,42.72,26.31,11.25,100.00,22.05,43.15,23.18,11.61,100.00,21.32,42.21,23.41,13.06,100.00,19.49,41.50,25.45,13.56,100.00,22.13,41.04,24.77,12.06,100.00,28.73,43.50,19.59,8.17,100.00,19.15,47.71,25.35,7.79,100.00,17.18,43.97,28.86,9.98,100.00,11.07,46.46,29.88,12.60,100.00,11.31,49.51,30.20,8.98,100.00,
Sulawesi Tenggara,,19.20,43.09,26.31,11.40,100.00,24.98,40.33,23.72,10.97,100.00,24.38,37.95,25.32,12.34,100.00,24.96,36.69,25.43,12.91,100.00,22.52,37.10,28.13,12.26,100.00,27.48,36.20,25.02,11.30,100.00,23.81,37.38,24.92,13.89,100.00,21.96,39.70,25.66,12.69,100.00,23.89,39.64,23.14,13.32,100.00,23.43,41.09,23.46,12.01,100.00,23.81,39.36,25.61,11.22,100.00,25.05,37.32,24.52,13.11,100.00,27.18,41.54,21.85,9.43,100.00,16.65,43.14,26.80,13.41,100.00,17.90,38.41,29.24,14.46,100.00,17.63,42.73,26.12,13.51,100.00,16.18,41.62,30.76,11.44,100.00,
Gorontalo,,15.76,52.20,25.18,6.87,100.00,18.25,50.42,23.02,8.31,100.00,17.93,52.30,20.39,9.38,100.00,21.95,39.30,26.46,12.29,100.00,18.47,44.60,23.24,13.69,100.00,20.24,44.11,23.86,11.79,100.00,19.17,51.17,23.13,6.53,100.00,23.58,44.88,23.37,8.16,100.00,23.20,43.85,23.62,9.33,100.00,23.67,45.39,20.17,10.77,100.00,28.58,41.32,19.24,10.87,100.00,26.39,43.30,21.26,9.04,100.00,30.40,42.91,16.39,10.29,100.00,23.76,42.48,23.24,10.52,100.00,21.39,43.65,28.75,6.21,100.00,16.62,51.64,22.98,8.76,100.00,9.40,57.04,23.02,10.54,100.00,
Sulawesi Barat,,17.80,45.29,24.59,12.32,100.00,19.75,42.83,25.76,11.67,100.00,20.68,40.46,26.32,12.53,100.00,16.80,45.69,23.15,14.36,100.00,15.10,47.01,27.03,10.86,100.00,17.16,43.78,26.79,12.27,100.00,20.59,42.64,26.00,10.77,100.00,19.14,40.55,25.41,14.91,100.00,20.75,42.14,25.34,11.77,100.00,14.94,45.35,24.75,14.96,100.00,16.36,43.69,24.45,15.50,100.00,22.76,43.54,21.90,11.80,100.00,23.26,48.77,21.39,6.58,100.00,14.60,44.90,27.31,13.20,100.00,14.55,42.33,30.27,12.85,100.00,9.31,41.53,35.68,13.48,100.00,10.79,42.74,33.07,13.39,100.00,
Maluku,,20.30,40.93,24.64,14.14,100.00,23.26,38.19,23.53,15.02,100.00,21.67,38.33,25.88,14.12,100.00,16.82,37.01,26.23,19.95,100.00,21.78,40.02,23.23,14.97,100.00,14.62,43.31,24.39,17.68,100.00,20.58,37.66,26.82,14.95,100.00,19.72,36.80,26.33,17.14,100.00,16.07,39.17,28.15,16.61,100.00,21.86,33.66,21.74,22.74,100.00,14.87,38.02,27.54,19.57,100.00,22.55,35.74,23.35,18.35,100.00,29.36,37.47,20.84,12.33,100.00,17.63,41.79,25.57,15.00,100.00,17.56,37.29,32.06,13.09,100.00,11.61,38.49,34.36,15.54,100.00,7.15,44.25,32.91,15.69,100.00,
Maluku Utara,,18.33,39.00,26.35,16.32,100.00,17.04,36.33,29.43,17.20,100.00,15.60,37.73,26.16,20.50,100.00,16.01,36.52,27.44,20.04,100.00,13.27,34.06,31.02,21.65,100.00,15.30,38.61,28.92,17.18,100.00,22.26,30.86,30.72,16.17,100.00,17.51,38.98,26.04,17.48,100.00,16.53,34.52,27.37,21.58,100.00,19.68,41.44,23.06,15.82,100.00,20.74,34.35,25.82,19.09,100.00,25.23,33.58,28.01,13.18,100.00,26.00,44.43,19.40,10.17,100.00,13.76,46.83,23.91,15.51,100.00,11.81,44.73,26.74,16.72,100.00,7.69,46.87,28.54,16.91,100.00,11.00,44.83,29.56,14.60,100.00,
Papua Barat,,23.56,46.89,16.90,12.65,100.00,18.16,42.48,16.59,22.77,100.00,16.38,48.60,22.16,12.86,100.00,21.88,37.95,24.54,15.64,100.00,15.37,45.52,21.07,18.04,100.00,18.64,44.14,20.74,16.48,100.00,18.96,40.50,28.07,12.48,100.00,17.57,46.42,27.12,8.89,100.00,16.03,39.99,21.64,22.35,100.00,19.74,42.21,19.04,19.01,100.00,22.44,33.10,23.94,20.53,100.00,20.74,38.82,20.55,19.89,100.00,24.36,44.64,18.98,12.02,100.00,19.61,39.57,25.02,15.80,100.00,22.64,43.75,20.20,13.41,100.00,15.91,44.81,23.70,15.59,100.00,17.97,41.42,26.30,14.30,100.00,
Papua Barat Daya,,,,,,,,,,,,,,,,,,,,,,,,,,,,,,,,,,,,,,,,,,,,,,,,,,,,,,,,,,,,,,,,,,,,,,,,,,,,,8.83,43.65,22.89,24.63,100.00,11.50,47.83,29.33,11.33,100.00,
Papua,,16.97,48.48,26.45,8.10,100.00,17.86,43.44,26.86,11.84,100.00,19.23,47.08,24.27,9.43,100.00,19.05,46.87,23.43,10.65,100.00,24.00,44.22,22.18,9.61,100.00,19.58,50.44,21.94,8.04,100.00,21.28,48.53,21.92,8.27,100.00,21.48,48.14,22.15,8.23,100.00,20.28,47.98,21.24,10.50,100.00,23.95,44.22,21.50,10.33,100.00,28.15,41.87,21.08,8.90,100.00,26.77,44.45,19.68,9.10,100.00,27.87,47.78,16.52,7.82,100.00,21.21,45.63,24.07,9.08,100.00,34.78,42.10,17.39,5.74,100.00,16.58,48.71,26.06,8.64,100.00,12.78,49.60,28.50,9.12,100.00,
Papua Selatan,,,,,,,,,,,,,,,,,,,,,,,,,,,,,,,,,,,,,,,,,,,,,,,,,,,,,,,,,,,,,,,,,,,,,,,,,,,,,25.12,41.25,24.41,9.22,100.00,27.35,44.25,23.31,5.09,100.00,
Papua Tengah,,,,,,,,,,,,,,,,,,,,,,,,,,,,,,,,,,,,,,,,,,,,,,,,,,,,,,,,,,,,,,,,,,,,,,,,,,,,,24.83,42.89,27.11,5.17,100.00,12.74,61.51,21.96,3.79,100.00,
Papua Pegunungan,,,,,,,,,,,,,,,,,,,,,,,,,,,,,,,,,,,,,,,,,,,,,,,,,,,,,,,,,,,,,,,,,,,,,,,,,,,,,26.28,50.93,16.59,6.21,100.00,20.69,50.96,26.48,1.87,100.00,
INDONESIA,,30.59,42.71,20.29,6.40,100.00,31.60,41.74,19.33,7.33,100.00,28.70,42.52,21.49,7.29,100.00,28.66,41.56,22.08,7.69,100.00,28.16,41.37,22.85,7.63,100.00,28.01,41.04,23.35,7.59,100.00,28.04,42.95,22.07,6.93,100.00,29.27,41.68,22.21,6.84,100.00,28.95,42.52,21.44,7.08,100.00,27.91,43.22,21.34,7.52,100.00,28.64,42.54,21.58,7.25,100.00,29.21,41.63,21.88,7.27,100.00,33.10,45.45,16.65,4.80,100.00,25.49,48.72,20.37,5.42,100.00,26.65,46.41,21.22,5.72,100.00,22.65,48.34,23.05,5.96,100.00,20.45,51.04,23.08,5.42,100.00,
,,,,,,,,,,,,,,,,,,,,,,,,,,,,,,,,,,,,,,,,,,,,,,,,,,,,,,,,,,,,,,,,,,,,,,,,,,,,,,,,,,,,,,,
Jenis Kelamin Kepala Rumah Tangga : Laki-laki + Perempuan,,,,,,,,,,,,,,,,,,,,,,,,,,,,,,,,,,,,,,,,,,,,,,,,,,,,,,,,,,,,,,,,,,,,,,,,,,,,,,,,,,,,,,,
Provinsi,Jenis Kelamin Kepala Rumah Tangga,Laki-laki+Perempuan,,,,,,,,,,,,,,,,,,,,,,,,,,,,,,,,,,,,,,,,,,,,,,,,,,,,,,,,,,,,,,,,,,,,,,,,,,,,,,,,,,,,,
,Tahun,2009,,,,,2010,,,,,2011,,,,,2012,,,,,2013,,,,,2014,,,,,2015,,,,,2016,,,,,2017,,,,,2018,,,,,2019,,,,,2020,,,,,2021,,,,,2022,,,,,2023,,,,,2024,,,,,2025,,,,,
,Jumlah Anggota Rumah Tangga,1,2-3,4-5,6,Total,1,2-3,4-5,6,Total,1,2-3,4-5,6,Total,1,2-3,4-5,6,Total,1,2-3,4-5,6,Total,1,2-3,4-5,6,Total,1,2-3,4-5,6,Total,1,2-3,4-5,6,Total,1,2-3,4-5,6,Total,1,2-3,4-5,6,Total,1,2-3,4-5,6,Total,1,2-3,4-5,6,Total,1,2-3,4-5,6,Total,1,2-3,4-5,6,Total,1,2-3,4-5,6,Total,1,2-3,4-5,6,Total,1,2-3,4-5,6,Total,
Aceh,,7.58,32.70,40.36,19.36,100.00,7.31,30.65,40.04,21.99,100.00,6.89,30.91,40.93,21.28,100.00,7.05,30.02,43.22,19.70,100.00,6.92,29.68,44.55,18.85,100.00,6.71,29.23,45.86,18.20,100.00,6.26,29.50,45.28,18.97,100.00,6.62,28.51,45.33,19.54,100.00,6.90,29.58,44.28,19.23,100.00,6.69,28.75,44.67,19.89,100.00,7.29,32.58,44.61,15.52,100.00,7.04,29.60,44.83,18.53,100.00,7.66,34.98,41.95,15.41,100.00,6.36,32.32,45.74,15.58,100.00,3.93,28.40,49.11,18.56,100.00,4.38,29.60,49.02,17.01,100.00,4.01,32.08,48.55,15.36,100.00,
Sumatera Utara,,4.96,31.25,42.06,21.73,100.00,5.53,31.53,40.38,22.56,100.00,5.16,29.12,44.35,21.37,100.00,5.25,28.82,44.65,21.27,100.00,5.93,28.95,44.22,20.90,100.00,5.62,28.46,45.29,20.63,100.00,5.21,30.43,45.52,18.83,100.00,5.99,30.40,44.80,18.81,100.00,5.71,30.78,44.50,19.01,100.00,5.81,30.81,44.10,19.28,100.00,7.11,32.90,40.59,19.40,100.00,6.27,32.11,43.55,18.07,100.00,7.38,35.66,42.38,14.58,100.00,5.00,35.40,45.27,14.32,100.00,3.92,31.62,47.83,16.63,100.00,2.34,31.43,49.87,16.36,100.00,2.17,34.34,49.27,14.22,100.00,
Sumatera Barat,,6.64,32.04,39.65,21.66,100.00,7.21,31.24,39.19,22.36,100.00,7.52,29.88,41.28,21.33,100.00,6.96,28.33,43.14,21.57,100.00,7.02,28.57,42.14,22.27,100.00,5.77,28.88,44.24,21.12,100.00,6.11,30.78,42.28,20.83,100.00,7.32,30.30,42.63,19.75,100.00,7.26,31.27,41.69,19.78,100.00,6.62,31.97,41.40,20.01,100.00,7.72,34.24,41.36,16.68,100.00,7.33,31.61,42.48,18.57,100.00,7.43,33.03,42.44,17.10,100.00,4.31,33.81,44.69,17.20,100.00,4.36,30.69,46.59,18.36,100.00,4.30,30.26,47.27,18.17,100.00,3.44,31.32,47.83,17.41,100.00,
R i a u,,3.74,32.71,45.29,18.25,100.00,4.63,33.40,42.91,19.06,100.00,3.58,33.33,45.24,17.85,100.00,4.05,31.40,46.32,18.24,100.00,3.79,32.56,46.93,16.73,100.00,4.56,32.03,46.67,16.74,100.00,4.15,33.53,46.68,15.64,100.00,4.61,32.79,46.95,15.65,100.00,4.89,33.52,45.31,16.29,100.00,4.83,33.34,46.42,15.41,100.00,5.08,34.36,45.88,14.67,100.00,5.30,34.64,45.66,14.40,100.00,5.43,35.89,46.29,12.39,100.00,3.52,34.18,48.17,14.13,100.00,2.01,27.71,52.89,17.39,100.00,2.31,30.60,52.55,14.55,100.00,2.25,33.61,50.60,13.54,100.00,
J a m b i,,4.31,36.03,45.13,14.52,100.00,4.54,36.83,43.53,15.10,100.00,4.16,35.21,46.41,14.23,100.00,3.93,33.83,47.23,15.01,100.00,4.14,35.41,47.32,13.13,100.00,3.85,36.28,46.41,13.45,100.00,3.86,36.52,47.95,11.67,100.00,4.04,36.38,47.74,11.84,100.00,3.89,36.95,47.46,11.69,100.00,4.93,37.59,46.45,11.03,100.00,5.38,40.93,44.54,9.16,100.00,5.12,37.66,46.78,10.44,100.00,5.80,41.26,44.03,8.92,100.00,3.54,36.86,49.10,10.50,100.00,2.63,34.64,49.09,13.64,100.00,2.39,35.26,49.80,12.56,100.00,1.87,38.90,48.09,11.15,100.00,
Sumatera Selatan,,3.40,34.09,45.90,16.61,100.00,4.35,33.78,44.92,16.94,100.00,3.76,33.25,45.94,17.05,100.00,3.86,32.86,46.84,16.44,100.00,3.79,33.35,46.37,16.49,100.00,3.86,32.97,47.77,15.41,100.00,3.09,34.46,48.80,13.65,100.00,3.93,33.11,49.87,13.09,100.00,4.24,33.71,48.68,13.37,100.00,3.96,34.68,47.84,13.53,100.00,5.48,36.74,46.46,11.32,100.00,4.73,34.41,47.70,13.16,100.00,5.25,38.05,46.18,10.51,100.00,3.39,35.47,49.25,11.89,100.00,2.55,30.72,52.79,13.94,100.00,2.18,31.60,52.47,13.74,100.00,1.64,33.96,51.51,12.89,100.00,
Bengkulu,,5.42,32.03,49.00,13.55,100.00,6.05,32.88,46.60,14.46,100.00,5.66,31.30,48.51,14.53,100.00,5.63,32.87,48.21,13.29,100.00,5.45,34.00,48.01,12.54,100.00,5.30,35.10,47.35,12.25,100.00,4.57,33.69,49.28,12.45,100.00,5.64,36.47,47.49,10.39,100.00,6.15,35.64,46.48,11.73,100.00,5.98,35.87,48.56,9.59,100.00,6.96,38.13,44.86,10.05,100.00,7.64,36.31,46.51,9.55,100.00,7.26,40.76,44.05,7.92,100.00,4.06,36.87,49.25,9.82,100.00,2.64,36.75,50.02,10.58,100.00,2.02,34.60,53.29,10.09,100.00,2.35,36.85,50.70,10.10,100.00,
Lampung,,4.44,37.38,44.75,13.42,100.00,4.61,37.36,44.42,13.60,100.00,4.54,36.32,45.03,14.11,100.00,4.73,36.27,44.85,14.14,100.00,4.17,37.39,45.82,12.62,100.00,4.63,37.32,45.88,12.17,100.00,3.77,39.80,46.28,10.15,100.00,4.83,37.93,46.58,10.65,100.00,4.84,39.40,45.72,10.04,100.00,4.86,40.33,44.38,10.44,100.00,5.13,41.48,44.00,9.40,100.00,5.70,38.24,45.49,10.57,100.00,5.15,41.50,45.42,7.94,100.00,2.91,38.95,48.64,9.49,100.00,3.86,40.16,47.11,8.87,100.00,1.94,37.07,51.52,9.47,100.00,1.58,39.61,49.43,9.38,100.00,
Kepulauan Bangka Belitung,,6.67,36.89,42.54,13.90,100.00,6.25,37.67,41.54,14.53,100.00,6.43,36.39,43.33,13.86,100.00,6.14,36.16,44.43,13.26,100.00,6.02,37.09,45.38,11.51,100.00,5.98,37.17,45.39,11.46,100.00,5.00,37.71,46.39,10.90,100.00,6.95,35.57,45.80,11.68,100.00,6.81,37.92,44.77,10.50,100.00,5.52,38.02,46.35,10.11,100.00,7.09,39.84,43.43,9.63,100.00,7.75,39.03,43.47,9.75,100.00,8.18,43.21,41.02,7.58,100.00,4.91,41.18,44.27,9.63,100.00,3.68,37.55,47.23,11.54,100.00,3.67,36.71,48.40,11.22,100.00,2.30,40.42,47.64,9.64,100.00,
Kepulauan Riau,,6.15,39.09,41.96,12.81,100.00,7.67,34.67,44.18,13.47,100.00,11.33,36.33,40.27,12.08,100.00,8.98,37.97,41.39,11.67,100.00,9.49,37.00,41.23,12.28,100.00,10.51,36.16,41.58,11.74,100.00,8.65,36.99,45.04,9.32,100.00,9.91,36.33,44.91,8.85,100.00,10.83,36.94,41.27,10.96,100.00,8.35,37.94,43.67,10.04,100.00,7.72,37.80,43.56,10.92,100.00,9.98,37.61,43.80,8.61,100.00,10.69,38.20,42.46,8.65,100.00,9.42,37.05,43.88,9.64,100.00,2.69,36.41,48.04,12.86,100.00,5.77,37.36,46.90,9.97,100.00,7.45,36.79,46.22,9.53,100.00,
DKI Jakarta,,6.97,36.68,41.01,15.33,100.00,11.34,35.76,36.25,16.66,100.00,8.56,35.45,40.61,15.37,100.00,8.94,33.38,41.34,16.34,100.00,9.30,34.46,42.54,13.70,100.00,8.06,35.48,42.67,13.79,100.00,8.36,36.56,42.75,12.33,100.00,8.87,36.61,43.15,11.37,100.00,9.86,37.26,41.34,11.54,100.00,8.92,39.23,41.15,10.70,100.00,12.03,38.55,40.27,9.15,100.00,12.36,38.64,40.20,8.80,100.00,10.80,42.23,39.14,7.83,100.00,7.03,40.10,45.07,7.80,100.00,3.01,38.07,49.68,9.24,100.00,2.75,38.71,49.63,8.91,100.00,2.70,40.69,49.24,7.37,100.00,
Jawa Barat,,6.30,40.15,42.23,11.33,100.00,7.61,39.99,40.54,11.86,100.00,6.73,39.49,42.71,11.07,100.00,6.72,38.76,42.85,11.67,100.00,7.49,39.50,42.43,10.58,100.00,7.39,39.06,43.04,10.51,100.00,7.48,40.84,42.17,9.51,100.00,7.46,40.24,42.74,9.56,100.00,8.22,40.65,41.79,9.34,100.00,7.42,41.46,41.51,9.61,100.00,8.72,42.45,40.74,8.09,100.00,8.54,40.36,42.38,8.72,100.00,8.29,44.95,40.03,6.73,100.00,5.71,43.00,44.20,7.09,100.00,4.45,39.66,47.36,8.52,100.00,3.53,40.15,48.61,7.71,100.00,3.14,41.82,47.74,7.31,100.00,
Jawa Tengah,,7.67,40.18,41.43,10.71,100.00,7.77,40.95,40.30,10.99,100.00,7.40,40.43,41.43,10.74,100.00,7.46,38.95,42.59,11.00,100.00,7.15,39.74,42.45,10.66,100.00,7.36,39.05,42.53,11.05,100.00,7.32,40.23,42.00,10.44,100.00,7.98,39.12,42.74,10.16,100.00,7.88,39.55,41.83,10.74,100.00,7.52,40.08,41.79,10.60,100.00,8.28,42.24,39.71,9.78,100.00,8.31,39.86,41.11,10.72,100.00,8.21,42.28,40.71,8.80,100.00,4.88,40.35,44.71,10.06,100.00,7.35,42.82,41.84,7.99,100.00,4.86,39.87,44.83,10.44,100.00,4.57,40.97,44.77,9.69,100.00,
DI Yogyakarta,,17.61,39.19,35.20,8.01,100.00,19.23,35.82,35.40,9.55,100.00,16.97,36.62,37.66,8.75,100.00,17.95,37.42,35.30,9.33,100.00,16.81,37.00,38.23,7.95,100.00,18.02,36.11,37.42,8.45,100.00,17.24,36.69,38.25,7.83,100.00,17.04,37.26,37.17,8.53,100.00,16.01,37.32,37.28,9.39,100.00,16.02,38.59,37.06,8.33,100.00,17.62,38.43,35.46,8.49,100.00,18.43,37.25,35.97,8.35,100.00,16.42,38.03,37.45,8.10,100.00,7.55,39.08,42.98,10.39,100.00,9.22,39.32,43.18,8.28,100.00,13.51,39.88,39.52,7.08,100.00,14.24,39.37,39.67,6.72,100.00,
Jawa Timur,,7.88,42.33,39.64,10.15,100.00,8.36,43.58,38.65,9.41,100.00,7.90,42.52,40.11,9.48,100.00,8.04,41.80,40.23,9.93,100.00,8.21,41.77,40.26,9.76,100.00,7.82,40.65,41.19,10.35,100.00,7.82,42.12,40.94,9.12,100.00,8.41,41.19,41.30,9.09,100.00,9.00,41.37,40.29,9.35,100.00,8.61,42.56,39.23,9.59,100.00,9.35,43.92,37.53,9.20,100.00,9.08,42.33,39.33,9.27,100.00,8.86,45.38,37.79,7.97,100.00,5.45,42.36,42.60,9.59,100.00,6.45,43.91,41.21,8.42,100.00,5.45,42.64,42.70,9.20,100.00,4.85,44.45,41.77,8.93,100.00,
Banten,,5.72,32.31,43.12,18.85,100.00,6.70,33.48,42.73,17.09,100.00,5.51,32.13,45.04,17.33,100.00,4.87,30.73,46.42,17.98,100.00,4.99,31.77,46.09,17.14,100.00,4.23,32.40,45.42,17.96,100.00,4.22,33.44,46.71,15.64,100.00,4.48,33.80,46.95,14.77,100.00,4.92,33.82,47.13,14.12,100.00,4.91,32.85,48.03,14.21,100.00,5.57,34.65,46.39,13.38,100.00,4.55,34.76,47.28,13.41,100.00,5.32,40.98,44.03,9.67,100.00,3.80,38.41,48.26,9.53,100.00,3.57,32.67,51.92,11.84,100.00,1.97,34.22,54.28,9.54,100.00,1.97,34.55,52.90,10.58,100.00,
B a l i,,7.44,37.42,40.35,14.78,100.00,9.21,37.35,38.52,14.92,100.00,9.57,35.46,40.85,14.13,100.00,8.57,35.61,42.34,13.48,100.00,9.63,36.60,39.29,14.48,100.00,10.27,36.08,40.19,13.47,100.00,8.93,34.75,41.20,15.12,100.00,9.17,36.31,40.63,13.89,100.00,10.13,36.43,39.21,14.23,100.00,9.32,37.26,38.82,14.61,100.00,9.01,38.15,37.55,15.30,100.00,10.41,35.56,39.66,14.37,100.00,8.57,37.43,39.87,14.12,100.00,3.51,33.85,44.16,18.48,100.00,7.12,36.80,42.32,13.76,100.00,6.57,36.32,43.52,13.58,100.00,7.69,36.88,41.09,14.34,100.00,
Nusa Tenggara Barat,,7.06,43.35,38.15,11.44,100.00,7.97,43.89,37.00,11.14,100.00,7.24,44.18,38.45,10.12,100.00,7.03,43.97,39.01,9.99,100.00,6.96,43.34,40.24,9.46,100.00,7.14,42.94,40.55,9.37,100.00,6.26,46.61,38.96,8.17,100.00,6.98,44.72,40.33,7.97,100.00,7.11,45.21,39.91,7.77,100.00,6.80,45.96,38.78,8.47,100.00,7.24,43.74,39.81,9.20,100.00,8.76,45.57,37.36,8.31,100.00,8.37,48.67,36.59,6.37,100.00,5.43,44.89,42.58,7.11,100.00,6.14,45.78,41.13,6.95,100.00,4.44,43.60,44.76,7.20,100.00,4.46,44.13,45.58,5.84,100.00,
Nusa Tenggara Timur,,4.92,27.69,38.25,29.14,100.00,5.93,27.96,35.59,30.52,100.00,5.76,26.18,37.60,30.45,100.00,6.26,24.48,38.36,30.90,100.00,5.98,23.16,40.36,30.50,100.00,6.06,24.40,39.06,30.47,100.00,5.68,26.78,39.77,27.76,100.00,6.19,25.73,39.09,28.98,100.00,6.40,25.52,39.06,29.02,100.00,6.65,25.33,39.80,28.22,100.00,6.69,28.03,38.48,26.80,100.00,6.80,26.27,39.48,27.45,100.00,8.06,30.43,39.42,22.09,100.00,4.58,26.42,42.24,26.77,100.00,3.46,25.28,44.00,27.26,100.00,3.84,25.82,44.58,25.76,100.00,3.34,26.55,46.16,23.95,100.00,
Kalimantan Barat,,4.35,32.90,43.95,18.79,100.00,5.17,31.10,43.84,19.88,100.00,4.13,31.91,45.08,18.87,100.00,3.97,31.28,46.03,18.72,100.00,4.12,30.58,46.79,18.51,100.00,4.73,30.42,46.49,18.35,100.00,4.14,31.00,47.63,17.23,100.00,4.70,31.99,45.84,17.47,100.00,4.85,31.43,46.37,17.34,100.00,4.41,32.31,45.60,17.69,100.00,5.89,33.18,44.78,16.15,100.00,5.42,32.38,46.51,15.68,100.00,6.17,37.31,43.32,13.20,100.00,3.81,34.49,47.20,14.51,100.00,3.67,33.90,48.16,14.27,100.00,1.48,32.39,49.79,16.34,100.00,1.49,33.85,49.73,14.93,100.00,
Kalimantan Tengah,,5.00,39.85,43.00,12.16,100.00,6.05,37.24,41.74,14.97,100.00,6.06,39.44,43.66,10.84,100.00,6.65,38.07,43.77,11.52,100.00,7.08,39.92,42.00,11.00,100.00,7.43,36.90,44.40,11.26,100.00,5.86,39.65,43.35,11.13,100.00,5.87,39.71,43.62,10.79,100.00,7.23,37.40,44.35,11.02,100.00,6.55,39.57,42.65,11.22,100.00,7.29,41.12,41.16,10.44,100.00,7.08,40.81,41.61,10.50,100.00,8.54,44.25,38.68,8.52,100.00,5.71,43.33,42.74,8.23,100.00,4.30,40.93,45.78,8.99,100.00,2.90,42.38,46.00,8.72,100.00,2.95,43.17,45.81,8.07,100.00,
Kalimantan Selatan,,7.53,39.94,41.36,11.18,100.00,8.16,40.82,39.52,11.49,100.00,7.20,41.42,41.34,10.04,100.00,8.11,39.51,42.37,10.01,100.00,7.98,40.94,41.88,9.20,100.00,8.24,40.23,42.70,8.83,100.00,7.15,42.20,41.21,9.45,100.00,7.31,41.05,42.28,9.36,100.00,8.22,40.89,41.50,9.39,100.00,8.09,40.65,42.22,9.04,100.00,8.73,43.37,40.34,7.56,100.00,8.66,40.48,41.12,9.74,100.00,9.42,42.43,39.77,8.38,100.00,6.39,40.84,44.38,8.40,100.00,4.17,37.56,48.32,9.95,100.00,4.88,39.53,46.41,9.17,100.00,5.15,40.98,45.87,8.00,100.00,
Kalimantan Timur,,5.05,35.19,42.59,17.17,100.00,6.56,34.15,41.30,17.99,100.00,7.13,33.94,43.00,15.93,100.00,6.59,32.50,44.05,16.85,100.00,7.45,33.46,43.75,15.34,100.00,7.31,32.61,44.73,15.36,100.00,5.31,34.51,47.40,12.78,100.00,6.95,35.50,44.63,12.92,100.00,6.65,35.10,43.94,14.30,100.00,6.68,34.54,44.69,14.09,100.00,7.10,36.02,43.04,13.83,100.00,7.50,38.19,41.85,12.46,100.00,8.77,38.14,41.14,11.95,100.00,5.68,36.72,45.44,12.17,100.00,5.32,36.91,44.95,12.82,100.00,3.67,35.37,47.58,13.38,100.00,2.59,39.20,46.17,12.04,100.00,
Kalimantan Utara,,,,,,,,,,,,,,,,,,,,,,,,,,,,,,,,4.92,28.60,44.73,21.74,100.00,5.91,28.12,43.20,22.78,100.00,7.07,30.60,40.88,21.46,100.00,6.65,31.20,42.80,19.35,100.00,6.60,31.32,43.56,18.52,100.00,6.76,31.09,41.75,20.40,100.00,9.82,33.81,40.12,16.25,100.00,4.89,32.69,43.56,18.86,100.00,3.22,32.47,43.41,20.91,100.00,2.08,32.42,43.87,21.63,100.00,2.74,32.20,44.25,20.81,100.00,
Sulawesi Utara,,6.41,40.43,41.47,11.69,100.00,6.02,39.17,40.90,13.91,100.00,5.91,38.04,43.41,12.64,100.00,6.61,36.66,43.58,13.15,100.00,6.50,35.37,43.86,14.26,100.00,6.36,36.74,42.26,14.64,100.00,5.71,38.19,42.53,13.58,100.00,6.53,37.23,41.92,14.33,100.00,7.88,36.32,40.63,15.17,100.00,7.22,37.85,40.51,14.42,100.00,7.02,39.56,39.40,14.02,100.00,8.27,38.72,39.58,13.43,100.00,8.08,42.33,37.33,12.26,100.00,6.10,41.45,40.59,11.86,100.00,5.56,42.33,40.06,12.04,100.00,2.71,40.71,43.80,12.78,100.00,2.72,42.03,43.46,11.79,100.00,
Sulawesi Tengah,,5.01,31.98,43.17,19.84,100.00,6.28,31.45,42.93,19.35,100.00,5.37,30.77,43.95,19.91,100.00,4.69,29.82,44.21,21.27,100.00,5.66,32.83,42.83,18.68,100.00,5.31,34.32,42.34,18.03,100.00,4.19,35.02,42.31,18.48,100.00,6.34,35.06,41.17,17.44,100.00,6.30,34.59,41.76,17.35,100.00,6.27,36.56,40.56,16.60,100.00,5.81,35.40,41.58,17.20,100.00,6.15,35.64,41.95,16.26,100.00,7.12,37.42,39.68,15.78,100.00,4.34,34.82,43.42,17.43,100.00,3.35,33.16,43.92,19.57,100.00,3.20,32.81,45.76,18.22,100.00,3.04,35.79,44.26,16.91,100.00,
Sulawesi Selatan,,6.64,31.07,39.79,22.50,100.00,6.55,30.45,38.51,24.49,100.00,6.53,28.99,40.99,23.49,100.00,6.18,29.61,41.14,23.07,100.00,6.45,30.15,41.15,22.24,100.00,6.46,29.91,42.06,21.57,100.00,5.54,30.92,42.61,20.93,100.00,5.92,30.62,41.91,21.56,100.00,6.71,31.76,40.45,21.08,100.00,6.03,32.11,41.10,20.75,100.00,7.02,33.63,40.45,18.89,100.00,6.96,31.42,41.38,20.24,100.00,7.78,36.29,39.99,15.93,100.00,4.60,33.71,43.97,17.73,100.00,3.41,32.49,44.81,19.28,100.00,2.05,31.82,46.82,19.32,100.00,2.26,33.35,45.12,19.26,100.00,
Sulawesi Tenggara,,4.78,28.46,42.38,24.37,100.00,6.19,29.15,40.22,24.44,100.00,5.77,27.75,41.80,24.68,100.00,6.60,26.75,42.24,24.41,100.00,6.17,26.96,43.10,23.78,100.00,7.07,27.84,42.49,22.59,100.00,6.20,29.75,41.38,22.67,100.00,6.17,29.47,43.90,20.45,100.00,5.73,30.98,41.58,21.71,100.00,6.64,30.89,40.68,21.79,100.00,6.97,31.24,41.10,20.69,100.00,6.99,30.46,41.17,21.37,100.00,7.17,33.48,41.90,17.45,100.00,3.95,32.15,43.51,20.40,100.00,3.42,28.08,45.94,22.56,100.00,3.50,29.51,44.65,22.33,100.00,3.04,30.46,47.01,19.49,100.00,
Gorontalo,,2.21,34.33,45.56,17.90,100.00,3.91,33.91,42.61,19.57,100.00,3.95,32.44,44.62,18.98,100.00,3.70,31.82,46.47,18.00,100.00,3.60,34.82,42.51,19.07,100.00,3.92,34.30,44.36,17.42,100.00,3.90,36.30,44.28,15.51,100.00,5.01,34.74,42.59,17.66,100.00,4.58,36.20,42.73,16.49,100.00,5.31,34.55,42.39,17.75,100.00,6.36,36.05,41.57,16.02,100.00,6.42,35.85,43.18,14.55,100.00,6.82,38.64,40.84,13.70,100.00,4.34,34.96,44.11,16.59,100.00,3.08,33.60,45.18,18.14,100.00,2.21,34.44,44.76,18.59,100.00,1.52,34.35,48.92,15.21,100.00,
Sulawesi Barat,,4.80,28.84,39.14,27.22,100.00,5.45,29.76,38.71,26.08,100.00,5.73,28.18,40.70,25.39,100.00,5.13,29.03,40.23,25.62,100.00,3.90,31.41,41.66,23.04,100.00,4.48,29.94,41.70,23.88,100.00,4.62,31.53,41.72,22.13,100.00,4.80,30.39,41.79,23.02,100.00,5.35,31.38,41.59,21.68,100.00,4.31,32.53,42.02,21.14,100.00,5.81,34.27,39.71,20.21,100.00,5.98,32.56,41.06,20.39,100.00,5.14,35.41,43.15,16.30,100.00,3.08,31.47,45.47,19.97,100.00,2.88,31.14,45.16,20.82,100.00,2.12,29.46,45.63,22.79,100.00,2.00,29.98,46.60,21.42,100.00,
Maluku,,4.48,25.73,38.81,30.98,100.00,6.12,25.00,35.87,33.01,100.00,5.51,25.78,38.59,30.11,100.00,4.73,23.92,38.43,32.92,100.00,6.22,25.39,37.73,30.66,100.00,5.14,24.80,38.88,31.19,100.00,4.98,24.87,40.37,29.78,100.00,5.00,25.11,40.44,29.45,100.00,5.20,25.45,39.54,29.81,100.00,5.60,24.94,39.42,30.04,100.00,4.92,24.94,38.44,31.70,100.00,7.02,25.14,38.43,29.41,100.00,8.46,30.18,37.50,23.86,100.00,4.36,30.58,38.84,26.21,100.00,4.35,27.06,43.15,25.43,100.00,2.27,26.44,42.35,28.93,100.00,1.73,28.20,44.06,26.01,100.00,
Maluku Utara,,3.77,26.97,40.41,28.85,100.00,3.60,24.58,40.60,31.22,100.00,3.77,24.79,42.04,29.40,100.00,4.40,24.25,42.22,29.14,100.00,4.36,23.87,44.27,27.49,100.00,4.39,23.02,43.23,29.36,100.00,4.47,24.26,45.36,25.92,100.00,4.43,24.37,43.72,27.48,100.00,4.40,25.94,42.80,26.86,100.00,4.81,25.77,41.43,27.99,100.00,5.09,28.08,42.64,24.19,100.00,6.45,25.11,44.36,24.08,100.00,7.18,32.20,41.23,19.39,100.00,3.13,31.10,43.45,22.32,100.00,2.17,28.45,44.45,24.93,100.00,1.33,26.58,46.23,25.86,100.00,1.83,26.83,48.97,22.38,100.00,
Papua Barat,,5.05,34.80,37.87,22.28,100.00,6.04,32.54,35.18,26.24,100.00,6.12,33.73,37.36,22.79,100.00,7.50,30.78,37.22,24.50,100.00,6.53,32.41,39.00,22.07,100.00,8.66,31.39,37.52,22.43,100.00,6.14,30.89,39.55,23.42,100.00,6.26,33.25,40.07,20.41,100.00,6.40,34.39,38.17,21.04,100.00,7.44,32.74,37.75,22.07,100.00,7.24,27.56,37.20,28.00,100.00,7.18,33.73,37.12,21.97,100.00,7.82,36.60,36.55,19.02,100.00,5.43,33.96,39.87,20.74,100.00,7.08,36.01,37.66,19.25,100.00,4.11,31.50,42.35,22.04,100.00,4.49,35.22,39.73,20.56,100.00,
Papua Barat Daya,,,,,,,,,,,,,,,,,,,,,,,,,,,,,,,,,,,,,,,,,,,,,,,,,,,,,,,,,,,,,,,,,,,,,,,,,,,,,3.63,31.10,41.08,24.19,100.00,3.39,32.16,44.35,20.11,100.00,
Papua,,3.67,38.92,39.76,17.65,100.00,4.26,32.90,41.65,21.19,100.00,5.77,37.62,39.45,17.16,100.00,6.04,35.21,41.93,16.82,100.00,7.27,38.82,40.51,13.40,100.00,7.68,38.20,40.61,13.51,100.00,6.49,39.33,39.59,14.59,100.00,6.00,40.18,40.25,13.58,100.00,6.49,40.46,38.02,15.02,100.00,7.17,39.71,36.08,17.04,100.00,8.33,36.70,36.94,18.03,100.00,8.25,41.86,36.46,13.43,100.00,8.69,41.06,36.66,13.60,100.00,6.98,37.45,39.26,16.32,100.00,12.28,40.20,35.33,12.20,100.00,4.16,35.61,39.62,20.61,100.00,3.43,38.49,39.45,18.63,100.00,
Papua Selatan,,,,,,,,,,,,,,,,,,,,,,,,,,,,,,,,,,,,,,,,,,,,,,,,,,,,,,,,,,,,,,,,,,,,,,,,,,,,,4.87,32.76,40.72,21.65,100.00,5.57,36.13,38.57,19.73,100.00,
Papua Tengah,,,,,,,,,,,,,,,,,,,,,,,,,,,,,,,,,,,,,,,,,,,,,,,,,,,,,,,,,,,,,,,,,,,,,,,,,,,,,5.67,42.18,41.35,10.79,100.00,4.81,43.30,44.61,7.28,100.00,
Papua Pegunungan,,,,,,,,,,,,,,,,,,,,,,,,,,,,,,,,,,,,,,,,,,,,,,,,,,,,,,,,,,,,,,,,,,,,,,,,,,,,,4.88,38.87,42.75,13.51,100.00,5.76,38.03,48.71,7.50,100.00,
INDONESIA,,6.58,37.69,41.52,14.21,100.00,7.43,37.73,40.20,14.64,100.00,6.85,37.06,42.05,14.05,100.00,6.87,36.17,42.62,14.35,100.00,7.06,36.73,42.60,13.61,100.00,6.98,36.31,43.05,13.67,100.00,6.68,37.72,42.96,12.65,100.00,7.16,37.14,43.18,12.53,100.00,7.52,37.52,42.30,12.66,100.00,7.15,38.13,42.03,12.70,100.00,7.51,37.26,40.92,14.31,100.00,8.03,37.95,41.97,12.05,100.00,8.04,41.34,40.61,10.01,100.00,5.11,39.16,44.65,11.08,100.00,5.02,38.05,45.50,11.43,100.00,3.90,37.46,47.08,11.55,100.00,3.64,39.07,46.47,10.82,100.00,